"Provincia";"CCAA";"Lat";"Long";"date";"confirmados";"fallecidos";"recuperados"
;"Andalucía";37,46;-4,16;2020-02-27;1;0;
;"Aragón";41;-1;2020-02-27;0;0;
;"Asturias";43,3333;-6;2020-02-27;0;0;
;"Baleares";39,5;3;2020-02-27;1;0;
;"Canarias";28,536;-15,749;2020-02-27;6;0;
;"Cantabria";43,3333;-4;2020-02-27;0;0;
;"Castilla La Mancha";39,5;-3;2020-02-27;0;0;
;"Castilla y León";41,3833;-4,45;2020-02-27;0;0;
;"Cataluña";41,81;1,47;2020-02-27;2;0;
;"Ceuta";35,8866;-5,3;2020-02-27;0;0;
;"C. Valenciana";39,5;-0,75;2020-02-27;2;0;
;"Extremadura";39,2;-6,15;2020-02-27;0;0;
;"Galicia";42,75;-7,8833;2020-02-27;0;0;
;"Madrid";40,4188;-3,6919;2020-02-27;4;0;
;"Melilla";35,2825;-2,9475;2020-02-27;0;0;
;"Murcia";38;-1,83333;2020-02-27;0;0;
;"Navarra";42,8166;-1,65;2020-02-27;0;0;
;"País Vasco";42,9896;-2,6189;2020-02-27;0;0;
;"La Rioja";42,25;-2,5;2020-02-27;0;0;
;"Andalucía";37,46;-4,16;2020-02-28;6;0;
;"Aragón";41;-1;2020-02-28;1;0;
;"Asturias";43,3333;-6;2020-02-28;0;0;
;"Baleares";39,5;3;2020-02-28;1;0;
;"Canarias";28,536;-15,749;2020-02-28;6;0;
;"Cantabria";43,3333;-4;2020-02-28;0;0;
;"Castilla La Mancha";39,5;-3;2020-02-28;0;0;
;"Castilla y León";41,3833;-4,45;2020-02-28;2;0;
;"Cataluña";41,81;1,47;2020-02-28;3;0;
;"Ceuta";35,8866;-5,3;2020-02-28;0;0;
;"C. Valenciana";39,5;-0,75;2020-02-28;8;0;
;"Extremadura";39,2;-6,15;2020-02-28;0;0;
;"Galicia";42,75;-7,8833;2020-02-28;0;0;
;"Madrid";40,4188;-3,6919;2020-02-28;5;0;
;"Melilla";35,2825;-2,9475;2020-02-28;0;0;
;"Murcia";38;-1,83333;2020-02-28;0;0;
;"Navarra";42,8166;-1,65;2020-02-28;0;0;
;"País Vasco";42,9896;-2,6189;2020-02-28;0;0;
;"La Rioja";42,25;-2,5;2020-02-28;0;0;
;"Andalucía";37,46;-4,16;2020-03-02;12;0;
;"Aragón";41;-1;2020-03-02;0;0;
;"Asturias";43,3333;-6;2020-03-02;1;0;
;"Baleares";39,5;3;2020-03-02;2;0;
;"Canarias";28,536;-15,749;2020-03-02;7;0;
;"Cantabria";43,3333;-4;2020-03-02;10;0;
;"Castilla La Mancha";39,5;-3;2020-03-02;3;0;
;"Castilla y León";41,3833;-4,45;2020-03-02;3;0;
;"Cataluña";41,81;1,47;2020-03-02;15;0;
;"Ceuta";35,8866;-5,3;2020-03-02;0;0;
;"C. Valenciana";39,5;-0,75;2020-03-02;15;0;
;"Extremadura";39,2;-6,15;2020-03-02;6;0;
;"Galicia";42,75;-7,8833;2020-03-02;0;0;
;"Madrid";40,4188;-3,6919;2020-03-02;29;0;
;"Melilla";35,2825;-2,9475;2020-03-02;0;0;
;"Murcia";38;-1,83333;2020-03-02;0;0;
;"Navarra";42,8166;-1,65;2020-03-02;1;0;
;"País Vasco";42,9896;-2,6189;2020-03-02;9;0;
;"La Rioja";42,25;-2,5;2020-03-02;1;0;
;"Andalucía";37,46;-4,16;2020-03-03;13;0;
;"Aragón";41;-1;2020-03-03;0;0;
;"Asturias";43,3333;-6;2020-03-03;1;0;
;"Baleares";39,5;3;2020-03-03;2;0;
;"Canarias";28,536;-15,749;2020-03-03;7;0;
;"Cantabria";43,3333;-4;2020-03-03;10;0;
;"Castilla La Mancha";39,5;-3;2020-03-03;7;0;
;"Castilla y León";41,3833;-4,45;2020-03-03;8;0;
;"Cataluña";41,81;1,47;2020-03-03;15;0;
;"Ceuta";35,8866;-5,3;2020-03-03;0;0;
;"C. Valenciana";39,5;-0,75;2020-03-03;15;0;
;"Extremadura";39,2;-6,15;2020-03-03;6;0;
;"Galicia";42,75;-7,8833;2020-03-03;0;0;
;"Madrid";40,4188;-3,6919;2020-03-03;49;0;
;"Melilla";35,2825;-2,9475;2020-03-03;0;0;
;"Murcia";38;-1,83333;2020-03-03;0;0;
;"Navarra";42,8166;-1,65;2020-03-03;1;0;
;"País Vasco";42,9896;-2,6189;2020-03-03;13;0;
;"La Rioja";42,25;-2,5;2020-03-03;3;0;
;"Andalucía";37,46;-4,16;2020-03-04;13;0;
;"Aragón";41;-1;2020-03-04;0;0;
;"Asturias";43,3333;-6;2020-03-04;2;0;
;"Baleares";39,5;3;2020-03-04;5;0;
;"Canarias";28,536;-15,749;2020-03-04;7;0;
;"Cantabria";43,3333;-4;2020-03-04;10;0;
;"Castilla La Mancha";39,5;-3;2020-03-04;12;0;
;"Castilla y León";41,3833;-4,45;2020-03-04;11;0;
;"Cataluña";41,81;1,47;2020-03-04;15;0;
;"Ceuta";35,8866;-5,3;2020-03-04;0;0;
;"C. Valenciana";39,5;-0,75;2020-03-04;19;1;
;"Extremadura";39,2;-6,15;2020-03-04;6;0;
;"Galicia";42,75;-7,8833;2020-03-04;1;0;
;"Madrid";40,4188;-3,6919;2020-03-04;70;0;
;"Melilla";35,2825;-2,9475;2020-03-04;0;0;
;"Murcia";38;-1,83333;2020-03-04;0;0;
;"Navarra";42,8166;-1,65;2020-03-04;3;0;
;"País Vasco";42,9896;-2,6189;2020-03-04;17;0;
;"La Rioja";42,25;-2,5;2020-03-04;7;0;
;"Andalucía";37,46;-4,16;2020-03-05;12;0;
;"Aragón";41;-1;2020-03-05;1;0;
;"Asturias";43,3333;-6;2020-03-05;5;0;
;"Baleares";39,5;3;2020-03-05;6;0;
;"Canarias";28,536;-15,749;2020-03-05;8;0;
;"Cantabria";43,3333;-4;2020-03-05;10;0;
;"Castilla La Mancha";39,5;-3;2020-03-05;13;0;
;"Castilla y León";41,3833;-4,45;2020-03-05;11;0;
;"Cataluña";41,81;1,47;2020-03-05;24;0;
;"Ceuta";35,8866;-5,3;2020-03-05;0;0;
;"C. Valenciana";39,5;-0,75;2020-03-05;19;1;
;"Extremadura";39,2;-6,15;2020-03-05;6;0;
;"Galicia";42,75;-7,8833;2020-03-05;1;0;
;"Madrid";40,4188;-3,6919;2020-03-05;90;1;
;"Melilla";35,2825;-2,9475;2020-03-05;0;0;
;"Murcia";38;-1,83333;2020-03-05;0;0;
;"Navarra";42,8166;-1,65;2020-03-05;3;0;
;"País Vasco";42,9896;-2,6189;2020-03-05;17;1;
;"La Rioja";42,25;-2,5;2020-03-05;11;0;
;"Andalucía";37,46;-4,16;2020-03-06;21;0;
;"Aragón";41;-1;2020-03-06;6;1;
;"Asturias";43,3333;-6;2020-03-06;5;0;
;"Baleares";39,5;3;2020-03-06;6;0;
;"Canarias";28,536;-15,749;2020-03-06;11;0;
;"Cantabria";43,3333;-4;2020-03-06;10;0;
;"Castilla La Mancha";39,5;-3;2020-03-06;15;0;
;"Castilla y León";41,3833;-4,45;2020-03-06;14;0;
;"Cataluña";41,81;1,47;2020-03-06;24;0;
;"Ceuta";35,8866;-5,3;2020-03-06;0;0;
;"C. Valenciana";39,5;-0,75;2020-03-06;30;1;
;"Extremadura";39,2;-6,15;2020-03-06;6;0;
;"Galicia";42,75;-7,8833;2020-03-06;3;0;
;"Madrid";40,4188;-3,6919;2020-03-06;137;2;
;"Melilla";35,2825;-2,9475;2020-03-06;0;0;
;"Murcia";38;-1,83333;2020-03-06;0;0;
;"Navarra";42,8166;-1,65;2020-03-06;3;0;
;"País Vasco";42,9896;-2,6189;2020-03-06;45;1;
;"La Rioja";42,25;-2,5;2020-03-06;29;0;
;"Andalucía";37,46;-4,16;2020-03-07;12;0;
;"Aragón";41;-1;2020-03-07;1;0;
;"Asturias";43,3333;-6;2020-03-07;5;0;
;"Baleares";39,5;3;2020-03-07;6;0;
;"Canarias";28,536;-15,749;2020-03-07;8;0;
;"Cantabria";43,3333;-4;2020-03-07;10;0;
;"Castilla La Mancha";39,5;-3;2020-03-07;13;0;
;"Castilla y León";41,3833;-4,45;2020-03-07;11;0;
;"Cataluña";41,81;1,47;2020-03-07;24;0;
;"Ceuta";35,8866;-5,3;2020-03-07;0;0;
;"C. Valenciana";39,5;-0,75;2020-03-07;19;1;
;"Extremadura";39,2;-6,15;2020-03-07;6;0;
;"Galicia";42,75;-7,8833;2020-03-07;1;0;
;"Madrid";40,4188;-3,6919;2020-03-07;174;4;
;"Melilla";35,2825;-2,9475;2020-03-07;0;0;
;"Murcia";38;-1,83333;2020-03-07;0;0;
;"Navarra";42,8166;-1,65;2020-03-07;3;0;
;"País Vasco";42,9896;-2,6189;2020-03-07;17;1;
;"La Rioja";42,25;-2,5;2020-03-07;11;0;
;"Andalucía";37,46;-4,16;2020-03-08;12;0;
;"Aragón";41;-1;2020-03-08;1;0;
;"Asturias";43,3333;-6;2020-03-08;5;0;
;"Baleares";39,5;3;2020-03-08;6;0;
;"Canarias";28,536;-15,749;2020-03-08;8;0;
;"Cantabria";43,3333;-4;2020-03-08;10;0;
;"Castilla La Mancha";39,5;-3;2020-03-08;13;0;
;"Castilla y León";41,3833;-4,45;2020-03-08;11;0;
;"Cataluña";41,81;1,47;2020-03-08;24;0;
;"Ceuta";35,8866;-5,3;2020-03-08;0;0;
;"C. Valenciana";39,5;-0,75;2020-03-08;19;1;
;"Extremadura";39,2;-6,15;2020-03-08;6;0;
;"Galicia";42,75;-7,8833;2020-03-08;1;0;
;"Madrid";40,4188;-3,6919;2020-03-08;202;8;
;"Melilla";35,2825;-2,9475;2020-03-08;0;0;
;"Murcia";38;-1,83333;2020-03-08;0;0;
;"Navarra";42,8166;-1,65;2020-03-08;3;0;
;"País Vasco";42,9896;-2,6189;2020-03-08;17;1;
;"La Rioja";42,25;-2,5;2020-03-08;11;0;
;"Andalucía";37,46;-4,16;2020-03-09;54;0;
;"Aragón";41;-1;2020-03-09;13;1;
;"Asturias";43,3333;-6;2020-03-09;7;0;
;"Baleares";39,5;3;2020-03-09;11;0;
;"Canarias";28,536;-15,749;2020-03-09;22;0;
;"Cantabria";43,3333;-4;2020-03-09;12;0;
;"Castilla La Mancha";39,5;-3;2020-03-09;26;0;
;"Castilla y León";41,3833;-4,45;2020-03-09;23;0;
;"Cataluña";41,81;1,47;2020-03-09;75;1;
;"Ceuta";35,8866;-5,3;2020-03-09;0;0;
;"C. Valenciana";39,5;-0,75;2020-03-09;37;1;
;"Extremadura";39,2;-6,15;2020-03-09;7;0;
;"Galicia";42,75;-7,8833;2020-03-09;6;0;
;"Madrid";40,4188;-3,6919;2020-03-09;469;8;
;"Melilla";35,2825;-2,9475;2020-03-09;0;0;
;"Murcia";38;-1,83333;2020-03-09;4;0;
;"Navarra";42,8166;-1,65;2020-03-09;3;0;
;"País Vasco";42,9896;-2,6189;2020-03-09;149;5;
;"La Rioja";42,25;-2,5;2020-03-09;81;0;
;"Andalucía";37,46;-4,16;2020-03-10;71;0;
;"Aragón";41;-1;2020-03-10;38;3;
;"Asturias";43,3333;-6;2020-03-10;22;0;
;"Baleares";39,5;3;2020-03-10;13;0;
;"Canarias";28,536;-15,749;2020-03-10;25;0;
;"Cantabria";43,3333;-4;2020-03-10;12;0;
;"Castilla La Mancha";39,5;-3;2020-03-10;39;0;
;"Castilla y León";41,3833;-4,45;2020-03-10;56;0;
;"Cataluña";41,81;1,47;2020-03-10;124;3;
;"Ceuta";35,8866;-5,3;2020-03-10;0;0;
;"C. Valenciana";39,5;-0,75;2020-03-10;50;1;
;"Extremadura";39,2;-6,15;2020-03-10;8;0;
;"Galicia";42,75;-7,8833;2020-03-10;22;0;
;"Madrid";40,4188;-3,6919;2020-03-10;782;21;
;"Melilla";35,2825;-2,9475;2020-03-10;0;0;
;"Murcia";38;-1,83333;2020-03-10;9;0;
;"Navarra";42,8166;-1,65;2020-03-10;12;0;
;"País Vasco";42,9896;-2,6189;2020-03-10;195;6;
;"La Rioja";42,25;-2,5;2020-03-10;144;1;
;"Andalucía";37,46;-4,16;2020-03-11;90;0;
;"Aragón";41;-1;2020-03-11;45;4;
;"Asturias";43,3333;-6;2020-03-11;32;0;
;"Baleares";39,5;3;2020-03-11;16;0;
;"Canarias";28,536;-15,749;2020-03-11;37;0;
;"Cantabria";43,3333;-4;2020-03-11;12;0;
;"Castilla La Mancha";39,5;-3;2020-03-11;71;0;
;"Castilla y León";41,3833;-4,45;2020-03-11;71;0;
;"Cataluña";41,81;1,47;2020-03-11;156;3;
;"Ceuta";35,8866;-5,3;2020-03-11;0;0;
;"C. Valenciana";39,5;-0,75;2020-03-11;65;1;
;"Extremadura";39,2;-6,15;2020-03-11;9;0;
;"Galicia";42,75;-7,8833;2020-03-11;39;0;
;"Madrid";40,4188;-3,6919;2020-03-11;1024;31;
;"Melilla";35,2825;-2,9475;2020-03-11;0;0;
;"Murcia";38;-1,83333;2020-03-11;11;0;
;"Navarra";42,8166;-1,65;2020-03-11;46;0;
;"País Vasco";42,9896;-2,6189;2020-03-11;225;6;
;"La Rioja";42,25;-2,5;2020-03-11;179;2;
;"Andalucía";37,46;-4,16;2020-03-12;115;0;
;"Aragón";41;-1;2020-03-12;64;6;
;"Asturias";43,3333;-6;2020-03-12;47;1;
;"Baleares";39,5;3;2020-03-12;22;1;
;"Canarias";28,536;-15,749;2020-03-12;51;0;
;"Cantabria";43,3333;-4;2020-03-12;16;0;
;"Castilla La Mancha";39,5;-3;2020-03-12;115;1;
;"Castilla y León";41,3833;-4,45;2020-03-12;92;0;
;"Cataluña";41,81;1,47;2020-03-12;260;4;
;"Ceuta";35,8866;-5,3;2020-03-12;0;0;
;"C. Valenciana";39,5;-0,75;2020-03-12;76;1;
;"Extremadura";39,2;-6,15;2020-03-12;19;1;
;"Galicia";42,75;-7,8833;2020-03-12;35;0;
;"Madrid";40,4188;-3,6919;2020-03-12;1388;56;
;"Melilla";35,2825;-2,9475;2020-03-12;0;0;
;"Murcia";38;-1,83333;2020-03-12;26;0;
;"Navarra";42,8166;-1,65;2020-03-12;73;0;
;"País Vasco";42,9896;-2,6189;2020-03-12;346;11;
;"La Rioja";42,25;-2,5;2020-03-12;205;2;
;"Andalucía";37,46;-4,16;2020-03-13;219;0;
;"Aragón";41;-1;2020-03-13;80;7;
;"Asturias";43,3333;-6;2020-03-13;67;1;
;"Baleares";39,5;3;2020-03-13;30;1;
;"Canarias";28,536;-15,749;2020-03-13;70;0;
;"Cantabria";43,3333;-4;2020-03-13;29;0;
;"Castilla La Mancha";39,5;-3;2020-03-13;194;5;
;"Castilla y León";41,3833;-4,45;2020-03-13;169;1;
;"Cataluña";41,81;1,47;2020-03-13;316;4;
;"Ceuta";35,8866;-5,3;2020-03-13;0;0;
;"C. Valenciana";39,5;-0,75;2020-03-13;94;1;
;"Extremadura";39,2;-6,15;2020-03-13;39;1;
;"Galicia";42,75;-7,8833;2020-03-13;85;0;
;"Madrid";40,4188;-3,6919;2020-03-13;1990;81;
;"Melilla";35,2825;-2,9475;2020-03-13;2;0;
;"Murcia";38;-1,83333;2020-03-13;35;0;
;"Navarra";42,8166;-1,65;2020-03-13;130;0;
;"País Vasco";42,9896;-2,6189;2020-03-13;417;14;
;"La Rioja";42,25;-2,5;2020-03-13;243;2;
;"España";40;-4;2020-02-27;16;0;0
;"España";40;-4;2020-02-28;32;0;0
;"España";40;-4;2020-03-02;114;0;0
;"España";40;-4;2020-03-03;150;0;0
;"España";40;-4;2020-03-04;198;0;0
;"España";40;-4;2020-03-05;237;3;0
;"España";40;-4;2020-03-06;365;5;0
;"España";40;-4;2020-03-09;999;16;23
;"España";40;-4;2020-03-10;1622;35;135
;"España";40;-4;2020-03-11;2128;47;183
;"España";40;-4;2020-03-12;2950;84;189
;"España";40;-4;2020-03-13;4209;120;193
;"Andalucía";37,46;-4,16;2020-03-14;269;2;
;"Aragón";41;-1;2020-03-14;80;7;
;"Asturias";43,3333;-6;2020-03-14;92;1;
;"Baleares";39,5;3;2020-03-14;28;1;
;"Canarias";28,536;-15,749;2020-03-14;90;1;
;"Cantabria";43,3333;-4;2020-03-14;31;0;
;"Castilla La Mancha";39,5;-3;2020-03-14;289;6;
;"Castilla y León";41,3833;-4,45;2020-03-14;223;3;
;"Cataluña";41,81;1,47;2020-03-14;509;6;
;"Ceuta";35,8866;-5,3;2020-03-14;0;0;
;"C. Valenciana";39,5;-0,75;2020-03-14;130;4;
;"Extremadura";39,2;-6,15;2020-03-14;66;2;
;"Galicia";42,75;-7,8833;2020-03-14;115;0;
;"Madrid";40,4188;-3,6919;2020-03-14;2940;86;
;"Melilla";35,2825;-2,9475;2020-03-14;3;0;
;"Murcia";38;-1,83333;2020-03-14;47;0;
;"Navarra";42,8166;-1,65;2020-03-14;146;0;
;"País Vasco";42,9896;-2,6189;2020-03-14;417;14;
;"La Rioja";42,25;-2,5;2020-03-14;278;3;
;"España";40;-4;2020-03-14;5753;136;193
;"Andalucía";37,46;-4,16;2020-03-15;437;6;
;"Aragón";41;-1;2020-03-15;147;7;
;"Asturias";43,3333;-6;2020-03-15;137;1;
;"Baleares";39,5;3;2020-03-15;28;1;
;"Canarias";28,536;-15,749;2020-03-15;109;1;
;"Cantabria";43,3333;-4;2020-03-15;51;0;
;"Castilla La Mancha";39,5;-3;2020-03-15;401;10;
;"Castilla y León";41,3833;-4,45;2020-03-15;292;6;
;"Cataluña";41,81;1,47;2020-03-15;715;8;
;"Ceuta";35,8866;-5,3;2020-03-15;1;0;
;"C. Valenciana";39,5;-0,75;2020-03-15;409;5;
;"Extremadura";39,2;-6,15;2020-03-15;95;2;
;"Galicia";42,75;-7,8833;2020-03-15;195;2;
;"Madrid";40,4188;-3,6919;2020-03-15;3544;213;
;"Melilla";35,2825;-2,9475;2020-03-15;8;0;
;"Murcia";38;-1,83333;2020-03-15;71;0;
;"Navarra";42,8166;-1,65;2020-03-15;183;0;
;"País Vasco";42,9896;-2,6189;2020-03-15;630;23;
;"La Rioja";42,25;-2,5;2020-03-15;300;3;
;"España";40;-4;2020-03-15;7753;288;193
;"Andalucía";37,46;-4,16;2020-03-16;554;7;
;"Aragón";41;-1;2020-03-16;174;11;
;"Asturias";43,3333;-6;2020-03-16;177;1;
;"Baleares";39,5;3;2020-03-16;73;1;
;"Canarias";28,536;-15,749;2020-03-16;119;1;
;"Cantabria";43,3333;-4;2020-03-16;58;0;
;"Castilla La Mancha";39,5;-3;2020-03-16;567;17;
;"Castilla y León";41,3833;-4,45;2020-03-16;334;9;
;"Cataluña";41,81;1,47;2020-03-16;903;12;
;"Ceuta";35,8866;-5,3;2020-03-16;1;0;
;"C. Valenciana";39,5;-0,75;2020-03-16;409;5;
;"Extremadura";39,2;-6,15;2020-03-16;111;2;
;"Galicia";42,75;-7,8833;2020-03-16;245;2;
;"Madrid";40,4188;-3,6919;2020-03-16;4165;213;
;"Melilla";35,2825;-2,9475;2020-03-16;8;0;
;"Murcia";38;-1,83333;2020-03-16;77;0;
;"Navarra";42,8166;-1,65;2020-03-16;274;1;
;"País Vasco";42,9896;-2,6189;2020-03-16;630;23;
;"La Rioja";42,25;-2,5;2020-03-16;312;4;
;"España";40;-4;2020-03-16;9191;309;530
;"Andalucía";37,46;-4,16;2020-03-17;683;11;
;"Aragón";41;-1;2020-03-17;207;12;
;"Asturias";43,3333;-6;2020-03-17;193;1;
;"Baleares";39,5;3;2020-03-17;92;1;
;"Canarias";28,536;-15,749;2020-03-17;148;2;
;"Cantabria";43,3333;-4;2020-03-17;58;0;
;"Castilla La Mancha";39,5;-3;2020-03-17;567;17;
;"Castilla y León";41,3833;-4,45;2020-03-17;431;12;
;"Cataluña";41,81;1,47;2020-03-17;1394;18;
;"Ceuta";35,8866;-5,3;2020-03-17;1;0;
;"C. Valenciana";39,5;-0,75;2020-03-17;541;13;
;"Extremadura";39,2;-6,15;2020-03-17;153;3;
;"Galicia";42,75;-7,8833;2020-03-17;292;3;
;"Madrid";40,4188;-3,6919;2020-03-17;4871;355;
;"Melilla";35,2825;-2,9475;2020-03-17;17;0;
;"Murcia";38;-1,83333;2020-03-17;97;0;
;"Navarra";42,8166;-1,65;2020-03-17;313;2;
;"País Vasco";42,9896;-2,6189;2020-03-17;765;36;
;"La Rioja";42,25;-2,5;2020-03-17;355;5;
;"España";40;-4;2020-03-17;11178;491;1028
;"Andalucía";37,46;-4,16;2020-03-18;859;19;
;"Aragón";41;-1;2020-03-18;226;13;
;"Asturias";43,3333;-6;2020-03-18;242;1;
;"Baleares";39,5;3;2020-03-18;112;1;
;"Canarias";28,536;-15,749;2020-03-18;181;3;
;"Cantabria";43,3333;-4;2020-03-18;68;1;
;"Castilla La Mancha";39,5;-3;2020-03-18;675;28;
;"Castilla y León";41,3833;-4,45;2020-03-18;668;22;
;"Cataluña";41,81;1,47;2020-03-18;1866;41;
;"Ceuta";35,8866;-5,3;2020-03-18;1;0;
;"C. Valenciana";39,5;-0,75;2020-03-18;726;22;
;"Extremadura";39,2;-6,15;2020-03-18;194;6;
;"Galicia";42,75;-7,8833;2020-03-18;341;3;
;"Madrid";40,4188;-3,6919;2020-03-18;5637;390;
;"Melilla";35,2825;-2,9475;2020-03-18;20;0;
;"Murcia";38;-1,83333;2020-03-18;122;0;
;"Navarra";42,8166;-1,65;2020-03-18;386;3;
;"País Vasco";42,9896;-2,6189;2020-03-18;973;40;
;"La Rioja";42,25;-2,5;2020-03-18;419;5;
;"España";40;-4;2020-03-18;13716;598;1081
;"Andalucía";37,46;-4,16;2020-03-19;1008;23;
;"Aragón";41;-1;2020-03-19;281;15;
;"Asturias";43,3333;-6;2020-03-19;292;1;
;"Baleares";39,5;3;2020-03-19;169;2;
;"Canarias";28,536;-15,749;2020-03-19;220;3;
;"Cantabria";43,3333;-4;2020-03-19;83;1;
;"Castilla La Mancha";39,5;-3;2020-03-19;801;42;
;"Castilla y León";41,3833;-4,45;2020-03-19;868;29;
;"Cataluña";41,81;1,47;2020-03-19;2702;55;
;"Ceuta";35,8866;-5,3;2020-03-19;1;0;
;"C. Valenciana";39,5;-0,75;2020-03-19;921;24;
;"Extremadura";39,2;-6,15;2020-03-19;241;8;
;"Galicia";42,75;-7,8833;2020-03-19;453;4;
;"Madrid";40,4188;-3,6919;2020-03-19;6777;498;
;"Melilla";35,2825;-2,9475;2020-03-19;23;0;
;"Murcia";38;-1,83333;2020-03-19;167;0;
;"Navarra";42,8166;-1,65;2020-03-19;482;4;
;"País Vasco";42,9896;-2,6189;2020-03-19;1190;53;
;"La Rioja";42,25;-2,5;2020-03-19;468;5;
;"España";40;-4;2020-03-19;17147;767;1107
;"Andalucía";37,46;-4,16;2020-03-20;1287;30;
;"Aragón";41;-1;2020-03-20;360;17;
;"Asturias";43,3333;-6;2020-03-20;344;2;
;"Baleares";39,5;3;2020-03-20;203;2;
;"Canarias";28,536;-15,749;2020-03-20;287;4;
;"Cantabria";43,3333;-4;2020-03-20;144;1;
;"Castilla La Mancha";39,5;-3;2020-03-20;1044;62;
;"Castilla y León";41,3833;-4,45;2020-03-20;1147;43;
;"Cataluña";41,81;1,47;2020-03-20;3270;82;
;"Ceuta";35,8866;-5,3;2020-03-20;5;0;
;"C. Valenciana";39,5;-0,75;2020-03-20;1105;33;
;"Extremadura";39,2;-6,15;2020-03-20;297;10;
;"Galicia";42,75;-7,8833;2020-03-20;578;5;
;"Madrid";40,4188;-3,6919;2020-03-20;7165;628;
;"Melilla";35,2825;-2,9475;2020-03-20;24;0;
;"Murcia";38;-1,83333;2020-03-20;204;0;
;"Navarra";42,8166;-1,65;2020-03-20;554;5;
;"País Vasco";42,9896;-2,6189;2020-03-20;1465;71;
;"La Rioja";42,25;-2,5;2020-03-20;497;7;
;"España";40;-4;2020-03-20;19980;1002;1585
;"Andalucía";37,46;-4,16;2020-03-21;1515;40;
;"Aragón";41;-1;2020-03-21;424;22;
;"Asturias";43,3333;-6;2020-03-21;486;5;
;"Baleares";39,5;3;2020-03-21;246;4;
;"Canarias";28,536;-15,749;2020-03-21;348;7;
;"Cantabria";43,3333;-4;2020-03-21;215;2;
;"Castilla La Mancha";39,5;-3;2020-03-21;1423;84;
;"Castilla y León";41,3833;-4,45;2020-03-21;1466;55;
;"Cataluña";41,81;1,47;2020-03-21;4203;122;
;"Ceuta";35,8866;-5,3;2020-03-21;5;0;
;"C. Valenciana";39,5;-0,75;2020-03-21;1363;50;
;"Extremadura";39,2;-6,15;2020-03-21;354;12;
;"Galicia";42,75;-7,8833;2020-03-21;739;9;
;"Madrid";40,4188;-3,6919;2020-03-21;8921;804;
;"Melilla";35,2825;-2,9475;2020-03-21;25;0;
;"Murcia";38;-1,83333;2020-03-21;240;1;
;"Navarra";42,8166;-1,65;2020-03-21;664;9;
;"País Vasco";42,9896;-2,6189;2020-03-21;1725;85;
;"La Rioja";42,25;-2,5;2020-03-21;564;15;
;"España";40;-4;2020-03-21;24926;1326;2125
;"Andalucía";37,46;-4,16;2020-03-22;1725;47;
;"Aragón";41;-1;2020-03-22;532;24;
;"Asturias";43,3333;-6;2020-03-22;545;8;
;"Baleares";39,5;3;2020-03-22;331;4;
;"Canarias";28,536;-15,749;2020-03-22;414;9;
;"Cantabria";43,3333;-4;2020-03-22;282;5;
;"Castilla La Mancha";39,5;-3;2020-03-22;1819;112;
;"Castilla y León";41,3833;-4,45;2020-03-22;1744;74;
;"Cataluña";41,81;1,47;2020-03-22;4704;191;
;"Ceuta";35,8866;-5,3;2020-03-22;5;0;
;"C. Valenciana";39,5;-0,75;2020-03-22;1604;69;
;"Extremadura";39,2;-6,15;2020-03-22;384;14;
;"Galicia";42,75;-7,8833;2020-03-22;915;12;
;"Madrid";40,4188;-3,6919;2020-03-22;9702;1021;
;"Melilla";35,2825;-2,9475;2020-03-22;25;0;
;"Murcia";38;-1,83333;2020-03-22;296;1;
;"Navarra";42,8166;-1,65;2020-03-22;794;14;
;"País Vasco";42,9896;-2,6189;2020-03-22;2097;97;
;"La Rioja";42,25;-2,5;2020-03-22;654;18;
;"España";40;-4;2020-03-22;28572;1720;2575
;"Andalucía";37,46;-4,16;2020-03-23;1961;58;50
;"Aragón";41;-1;2020-03-23;638;32;3
;"Asturias";43,3333;-6;2020-03-23;594;12;21
;"Baleares";39,5;3;2020-03-23;400;10;18
;"Canarias";28,536;-15,749;2020-03-23;481;11;7
;"Cantabria";43,3333;-4;2020-03-23;347;6;11
;"Castilla La Mancha";39,5;-3;2020-03-23;2078;145;51
;"Castilla y León";41,3833;-4,45;2020-03-23;2055;102;117
;"Cataluña";41,81;1,47;2020-03-23;5925;245;644
;"Ceuta";35,8866;-5,3;2020-03-23;6;0;0
;"C. Valenciana";39,5;-0,75;2020-03-23;1901;94;36
;"Extremadura";39,2;-6,15;2020-03-23;493;18;6
;"Galicia";42,75;-7,8833;2020-03-23;1208;18;19
;"Madrid";40,4188;-3,6919;2020-03-23;10575;1263;2063
;"Melilla";35,2825;-2,9475;2020-03-23;28;0;0
;"Murcia";38;-1,83333;2020-03-23;345;2;1
;"Navarra";42,8166;-1,65;2020-03-23;886;24;7
;"País Vasco";42,9896;-2,6189;2020-03-23;2421;120;283
;"La Rioja";42,25;-2,5;2020-03-23;747;22;18
;"España";40;-4;2020-03-23;33089;2182;3355
;"Andalucía";37,46;-4,16;2020-03-24;2471;87;66
;"Aragón";41;-1;2020-03-24;758;37;3
;"Asturias";43,3333;-6;2020-03-24;662;22;30
;"Baleares";39,5;3;2020-03-24;478;10;19
;"Canarias";28,536;-15,749;2020-03-24;557;16;8
;"Cantabria";43,3333;-4;2020-03-24;425;9;12
;"Castilla La Mancha";39,5;-3;2020-03-24;2465;216;53
;"Castilla y León";41,3833;-4,45;2020-03-24;2460;124;140
;"Cataluña";41,81;1,47;2020-03-24;7864;282;728
;"Ceuta";35,8866;-5,3;2020-03-24;6;0;0
;"C. Valenciana";39,5;-0,75;2020-03-24;2167;115;37
;"Extremadura";39,2;-6,15;2020-03-24;636;26;8
;"Galicia";42,75;-7,8833;2020-03-24;1415;20;19
;"Madrid";40,4188;-3,6919;2020-03-24;12352;1535;2291
;"Melilla";35,2825;-2,9475;2020-03-24;28;0;0
;"Murcia";38;-1,83333;2020-03-24;385;3;1
;"Navarra";42,8166;-1,65;2020-03-24;1014;31;11
;"País Vasco";42,9896;-2,6189;2020-03-24;2728;133;344
;"La Rioja";42,25;-2,5;2020-03-24;802;30;24
;"España";40;-4;2020-03-24;39673;2696;3794
;"Andalucía";37,46;-4,16;2020-03-25;3010;113;71
;"Aragón";41;-1;2020-03-25;907;40;4
;"Asturias";43,3333;-6;2020-03-25;779;25;35
;"Baleares";39,5;3;2020-03-25;562;13;28
;"Canarias";28,536;-15,749;2020-03-25;657;21;15
;"Cantabria";43,3333;-4;2020-03-25;510;14;12
;"Castilla La Mancha";39,5;-3;2020-03-25;2780;263;71
;"Castilla y León";41,3833;-4,45;2020-03-25;2940;165;213
;"Cataluña";41,81;1,47;2020-03-25;9937;516;1274
;"Ceuta";35,8866;-5,3;2020-03-25;9;0;0
;"C. Valenciana";39,5;-0,75;2020-03-25;2616;143;44
;"Extremadura";39,2;-6,15;2020-03-25;742;39;8
;"Galicia";42,75;-7,8833;2020-03-25;1653;27;25
;"Madrid";40,4188;-3,6919;2020-03-25;14597;1825;3031
;"Melilla";35,2825;-2,9475;2020-03-25;38;0;0
;"Murcia";38;-1,83333;2020-03-25;477;5;4
;"Navarra";42,8166;-1,65;2020-03-25;1197;33;23
;"País Vasco";42,9896;-2,6189;2020-03-25;3271;155;466
;"La Rioja";42,25;-2,5;2020-03-25;928;37;43
;"España";40;-4;2020-03-25;47610;3434;5367
;"Andalucía";37,46;-4,16;2020-03-26;3406;134;77
;"Aragón";41;-1;2020-03-26;1116;48;4
;"Asturias";43,3333;-6;2020-03-26;841;27;40
;"Baleares";39,5;3;2020-03-26;660;17;39
;"Canarias";28,536;-15,749;2020-03-26;784;24;18
;"Cantabria";43,3333;-4;2020-03-26;671;17;14
;"Castilla La Mancha";39,5;-3;2020-03-26;3383;316;95
;"Castilla y León";41,3833;-4,45;2020-03-26;3488;206;308
;"Cataluña";41,81;1,47;2020-03-26;11592;672;1697
;"Ceuta";35,8866;-5,3;2020-03-26;10;0;0
;"C. Valenciana";39,5;-0,75;2020-03-26;3200;167;57
;"Extremadura";39,2;-6,15;2020-03-26;969;58;24
;"Galicia";42,75;-7,8833;2020-03-26;1915;32;47
;"Madrid";40,4188;-3,6919;2020-03-26;17166;2090;3882
;"Melilla";35,2825;-2,9475;2020-03-26;39;1;0
;"Murcia";38;-1,83333;2020-03-26;596;8;9
;"Navarra";42,8166;-1,65;2020-03-26;1411;49;35
;"País Vasco";42,9896;-2,6189;2020-03-26;3946;180;621
;"La Rioja";42,25;-2,5;2020-03-26;995;43;48
;"España";40;-4;2020-03-26;56188;4089;7015
;"Andalucía";37,46;-4,16;2020-03-27;3793;144;92
;"Aragón";41;-1;2020-03-27;1338;58;8
;"Asturias";43,3333;-6;2020-03-27;900;29;52
;"Baleares";39,5;3;2020-03-27;755;22;67
;"Canarias";28,536;-15,749;2020-03-27;878;27;20
;"Cantabria";43,3333;-4;2020-03-27;810;21;19
;"Castilla La Mancha";39,5;-3;2020-03-27;3934;367;153
;"Castilla y León";41,3833;-4,45;2020-03-27;4132;252;423
;"Cataluña";41,81;1,47;2020-03-27;12940;880;2348
;"Ceuta";35,8866;-5,3;2020-03-27;17;0;0
;"C. Valenciana";39,5;-0,75;2020-03-27;3532;198;73
;"Extremadura";39,2;-6,15;2020-03-27;1231;69;33
;"Galicia";42,75;-7,8833;2020-03-27;2322;43;67
;"Madrid";40,4188;-3,6919;2020-03-27;19243;2412;5044
;"Melilla";35,2825;-2,9475;2020-03-27;42;1;0
;"Murcia";38;-1,83333;2020-03-27;714;15;12
;"Navarra";42,8166;-1,65;2020-03-27;1641;58;70
;"País Vasco";42,9896;-2,6189;2020-03-27;4601;207;814
;"La Rioja";42,25;-2,5;2020-03-27;1236;55;62
;"España";40;-4;2020-03-27;64059;4858;9357
;"Andalucía";37,46;-4,16;2020-03-28;4277;175;139
;"Aragón";41;-1;2020-03-28;1592;58;8
;"Asturias";43,3333;-6;2020-03-28;1004;33;65
;"Baleares";39,5;3;2020-03-28;862;26;80
;"Canarias";28,536;-15,749;2020-03-28;1025;36;25
;"Cantabria";43,3333;-4;2020-03-28;937;22;21
;"Castilla La Mancha";39,5;-3;2020-03-28;4512;448;197
;"Castilla y León";41,3833;-4,45;2020-03-28;4791;321;585
;"Cataluña";41,81;1,47;2020-03-28;14263;1070;3106
;"Ceuta";35,8866;-5,3;2020-03-28;17;1;0
;"C. Valenciana";39,5;-0,75;2020-03-28;4034;234;92
;"Extremadura";39,2;-6,15;2020-03-28;1394;88;49
;"Galicia";42,75;-7,8833;2020-03-28;2772;47;95
;"Madrid";40,4188;-3,6919;2020-03-28;21520;2757;6326
;"Melilla";35,2825;-2,9475;2020-03-28;45;1;0
;"Murcia";38;-1,83333;2020-03-28;802;17;12
;"Navarra";42,8166;-1,65;2020-03-28;1829;70;98
;"País Vasco";42,9896;-2,6189;2020-03-28;5136;221;1023
;"La Rioja";42,25;-2,5;2020-03-28;1436;65;364
;"España";40;-4;2020-03-28;72248;5690;12285
;"Andalucía";37,46;-4,16;"2020-03-29";4682;207;148
;"Aragón";41;-1;"2020-03-29";1858;93;8
;"Asturias";43,3333;-6;"2020-03-29";1088;41;76
;"Baleares";39,5;3;"2020-03-29";958;29;82
;"Canarias";28,536;-15,749;"2020-03-29";1125;39;30
;"Cantabria";43,3333;-4;"2020-03-29";1023;26;25
;"Castilla La Mancha";39,5;-3;"2020-03-29";5246;539;236
;"Castilla y León";41,3833;-4,45;"2020-03-29";5414;380;752
;"Cataluña";41,81;1,47;"2020-03-29";15026;1226;3455
;"Ceuta";35,8866;-5,3;"2020-03-29";21;1;0
;"C. Valenciana";39,5;-0,75;"2020-03-29";4784;267;161
;"Extremadura";39,2;-6,15;"2020-03-29";1456;100;51
;"Galicia";42,75;-7,8833;"2020-03-29";3139;60;153
;"Madrid";40,4188;-3,6919;"2020-03-29";22677;3082;7491
;"Melilla";35,2825;-2,9475;"2020-03-29";48;1;0
;"Murcia";38;-1,83333;"2020-03-29";872;20;16
;"Navarra";42,8166;-1,65;"2020-03-29";2011;84;125
;"País Vasco";42,9896;-2,6189;"2020-03-29";5740;265;1503
;"La Rioja";42,25;-2,5;"2020-03-29";1629;68;397
;"España";40;-4;"2020-03-29";78797;6528;14709
;"Andalucía";37,46;-4,16;"2020-03-30";5405;236;155
;"Aragón";41;-1;"2020-03-30";2078;106;174
;"Asturias";43,3333;-6;"2020-03-30";1158;49;78
;"Baleares";39,5;3;"2020-03-30";1000;37;100
;"Canarias";28,536;-15,749;"2020-03-30";1204;40;32
;"Cantabria";43,3333;-4;"2020-03-30";1100;27;24
;"Castilla La Mancha";39,5;-3;"2020-03-30";5858;622;252
;"Castilla y León";41,3833;-4,45;"2020-03-30";5801;442;871
;"Cataluña";41,81;1,47;"2020-03-30";16157;1410;4125
;"Ceuta";35,8866;-5,3;"2020-03-30";25;1;0
;"C. Valenciana";39,5;-0,75;"2020-03-30";5110;310;185
;"Extremadura";39,2;-6,15;"2020-03-30";1560;106;60
;"Galicia";42,75;-7,8833;"2020-03-30";3723;66;168
;"Madrid";40,4188;-3,6919;"2020-03-30";24090;3392;8301
;"Melilla";35,2825;-2,9475;"2020-03-30";51;1;0
;"Murcia";38;-1,83333;"2020-03-30";939;25;17
;"Navarra";42,8166;-1,65;"2020-03-30";2146;102;161
;"País Vasco";42,9896;-2,6189;"2020-03-30";6057;297;1646
;"La Rioja";42,25;-2,5;"2020-03-30";1733;71;431
;"España";40;-4;"2020-03-30";85195;7340;16780
;"Andalucía";37,46;-4,16;"2020-03-31";5818;248;160
;"Aragón";41;-1;"2020-03-31";2272;138;204
;"Asturias";43,3333;-6;"2020-03-31";1236;55;90
;"Baleares";39,5;3;"2020-03-31";1069;42;111
;"Canarias";28,536;-15,749;"2020-03-31";1262;55;57
;"Cantabria";43,3333;-4;"2020-03-31";1171;37;35
;"Castilla La Mancha";39,5;-3;"2020-03-31";6424;708;296
;"Castilla y León";41,3833;-4,45;"2020-03-31";6211;516;1028
;"Cataluña";41,81;1,47;"2020-03-31";18773;1672;4966
;"Ceuta";35,8866;-5,3;"2020-03-31";34;1;0
;"C. Valenciana";39,5;-0,75;"2020-03-31";5508;339;200
;"Extremadura";39,2;-6,15;"2020-03-31";1628;133;91
;"Galicia";42,75;-7,8833;"2020-03-31";4039;84;187
;"Madrid";40,4188;-3,6919;"2020-03-31";27509;3603;9330
;"Melilla";35,2825;-2,9475;"2020-03-31";54;1;0
;"Murcia";38;-1,83333;"2020-03-31";974;34;20
;"Navarra";42,8166;-1,65;"2020-03-31";2305;113;192
;"País Vasco";42,9896;-2,6189;"2020-03-31";6320;325;1796
;"La Rioja";42,25;-2,5;"2020-03-31";1810;85;496
;"España";40;-4;"2020-03-31";94417;8189;19259
;"Andalucía";37,46;-4,16;"2020-04-01";6392;308;182
;"Aragón";41;-1;"2020-04-01";2491;169;257
;"Asturias";43,3333;-6;"2020-04-01";1322;63;109
;"Baleares";39,5;3;"2020-04-01";1131;46;170
;"Canarias";28,536;-15,749;"2020-04-01";1380;62;77
;"Cantabria";43,3333;-4;"2020-04-01";1213;54;43
;"Castilla La Mancha";39,5;-3;"2020-04-01";7047;774;397
;"Castilla y León";41,3833;-4,45;"2020-04-01";6847;585;1259
;"Cataluña";41,81;1,47;"2020-04-01";19991;1849;5701
;"Ceuta";35,8866;-5,3;"2020-04-01";51;1;0
;"C. Valenciana";39,5;-0,75;"2020-04-01";5922;395;240
;"Extremadura";39,2;-6,15;"2020-04-01";1679;152;113
;"Galicia";42,75;-7,8833;"2020-04-01";4432;103;259
;"Madrid";40,4188;-3,6919;"2020-04-01";29840;3865;10827
;"Melilla";35,2825;-2,9475;"2020-04-01";62;1;0
;"Murcia";38;-1,83333;"2020-04-01";1041;37;43
;"Navarra";42,8166;-1,65;"2020-04-01";2497;130;236
;"País Vasco";42,9896;-2,6189;"2020-04-01";6838;369;2165
;"La Rioja";42,25;-2,5;"2020-04-01";1960;90;569
;"España";40;-4;"2020-04-01";102136;9053;22647
;"Andalucía";37,46;-4,16;"2020-04-02";6972;343;228
;"Aragón";41;-1;"2020-04-02";2700;200;320
;"Asturias";43,3333;-6;"2020-04-02";1384;69;135
;"Baleares";39,5;3;"2020-04-02";1204;58;239
;"Canarias";28,536;-15,749;"2020-04-02";1444;68;94
;"Cantabria";43,3333;-4;"2020-04-02";1268;60;60
;"Castilla La Mancha";39,5;-3;"2020-04-02";7682;854;494
;"Castilla y León";41,3833;-4,45;"2020-04-02";7355;641;1498
;"Cataluña";41,81;1,47;"2020-04-02";21804;2093;6917
;"Ceuta";35,8866;-5,3;"2020-04-02";55;1;0
;"C. Valenciana";39,5;-0,75;"2020-04-02";6308;443;432
;"Extremadura";39,2;-6,15;"2020-04-02";1837;181;139
;"Galicia";42,75;-7,8833;"2020-04-02";4842;120;333
;"Madrid";40,4188;-3,6919;"2020-04-02";32155;4175;12400
;"Melilla";35,2825;-2,9475;"2020-04-02";62;1;0
;"Murcia";38;-1,83333;"2020-04-02";1084;42;45
;"Navarra";42,8166;-1,65;"2020-04-02";2682;141;278
;"País Vasco";42,9896;-2,6189;"2020-04-02";7317;412;2490
;"La Rioja";42,25;-2,5;"2020-04-02";2083;101;641
;"España";40;-4;"2020-04-02";110238;10003;26743
;"Andalucía";37,46;-4,16;"2020-04-03";7374;376;258
;"Aragón";41;-1;"2020-04-03";2889;224;378
;"Asturias";43,3333;-6;"2020-04-03";1433;70;154
;"Baleares";39,5;3;"2020-04-03";1257;69;375
;"Canarias";28,536;-15,749;"2020-04-03";1490;73;102
;"Cantabria";43,3333;-4;"2020-04-03";1321;64;74
;"Castilla La Mancha";39,5;-3;"2020-04-03";8523;916;579
;"Castilla y León";41,3833;-4,45;"2020-04-03";7875;723;1759
;"Cataluña";41,81;1,47;"2020-04-03";23460;2335;7849
;"Ceuta";35,8866;-5,3;"2020-04-03";62;1;2
;"C. Valenciana";39,5;-0,75;"2020-04-03";6624;511;592
;"Extremadura";39,2;-6,15;"2020-04-03";1893;200;164
;"Galicia";42,75;-7,8833;"2020-04-03";5219;138;435
;"Madrid";40,4188;-3,6919;"2020-04-03";34188;4483;13850
;"Melilla";35,2825;-2,9475;"2020-04-03";70;2;4
;"Murcia";38;-1,83333;"2020-04-03";1145;46;90
;"Navarra";42,8166;-1,65;"2020-04-03";2836;151;294
;"País Vasco";42,9896;-2,6189;"2020-04-03";7827;444;2809
;"La Rioja";42,25;-2,5;"2020-04-03";2224;109;745
;"España";40;-4;"2020-04-03";117710;10935;30513
;"Andalucía";37,46;-4,16;"2020-04-04";7869;426;463
;"Aragón";41;-1;"2020-04-04";3078;251;440
;"Asturias";43,3333;-6;"2020-04-04";1522;76;190
;"Baleares";39,5;3;"2020-04-04";1271;71;422
;"Canarias";28,536;-15,749;"2020-04-04";1564;78;123
;"Cantabria";43,3333;-4;"2020-04-04";1384;68;99
;"Castilla La Mancha";39,5;-3;"2020-04-04";9324;989;657
;"Castilla y León";41,3833;-4,45;"2020-04-04";8332;786;2021
;"Cataluña";41,81;1,47;"2020-04-04";24734;2508;8635
;"Ceuta";35,8866;-5,3;"2020-04-04";73;1;2
;"C. Valenciana";39,5;-0,75;"2020-04-04";6901;571;695
;"Extremadura";39,2;-6,15;"2020-04-04";1979;208;205
;"Galicia";42,75;-7,8833;"2020-04-04";5625;159;531
;"Madrid";40,4188;-3,6919;"2020-04-04";36249;4723;15362
;"Melilla";35,2825;-2,9475;"2020-04-04";79;2;9
;"Murcia";38;-1,83333;"2020-04-04";1188;51;113
;"Navarra";42,8166;-1,65;"2020-04-04";2972;171;311
;"País Vasco";42,9896;-2,6189;"2020-04-04";8187;477;3098
;"La Rioja";42,25;-2,5;"2020-04-04";2405;128;843
;"España";40;-4;"2020-04-04";124736;11744;34219
;"Andalucía";37,46;-4,16;"2020-04-05";8301;470;665
;"Aragón";41;-1;"2020-04-05";3232;270;537
;"Asturias";43,3333;-6;"2020-04-05";1605;80;216
;"Baleares";39,5;3;"2020-04-05";1293;75;461
;"Canarias";28,536;-15,749;"2020-04-05";1622;80;137
;"Cantabria";43,3333;-4;"2020-04-05";1441;68;113
;"Castilla La Mancha";39,5;-3;"2020-04-05";10031;1055;1149
;"Castilla y León";41,3833;-4,45;"2020-04-05";8749;847;2331
;"Cataluña";41,81;1,47;"2020-04-05";26032;2637;9528
;"Ceuta";35,8866;-5,3;"2020-04-05";83;2;2
;"C. Valenciana";39,5;-0,75;"2020-04-05";7184;613;812
;"Extremadura";39,2;-6,15;"2020-04-05";2047;218;215
;"Galicia";42,75;-7,8833;"2020-04-05";5944;174;587
;"Madrid";40,4188;-3,6919;"2020-04-05";37584;4941;16543
;"Melilla";35,2825;-2,9475;"2020-04-05";83;2;11
;"Murcia";38;-1,83333;"2020-04-05";1235;59;130
;"Navarra";42,8166;-1,65;"2020-04-05";3073;178;334
;"País Vasco";42,9896;-2,6189;"2020-04-05";8628;515;3405
;"La Rioja";42,25;-2,5;"2020-04-05";2592;134;904
;"España";40;-4;"2020-04-05";130759;12418;38080
;"Andalucía";37,46;-4,16;"2020-04-06";8581;491;798
;"Aragón";41;-1;"2020-04-06";3347;284;565
;"Asturias";43,3333;-6;"2020-04-06";1646;86;222
;"Baleares";39,5;3;"2020-04-06";1320;81;531
;"Canarias";28,536;-15,749;"2020-04-06";1649;85;157
;"Cantabria";43,3333;-4;"2020-04-06";1483;77;118
;"Castilla La Mancha";39,5;-3;"2020-04-06";10602;1132;1259
;"Castilla y León";41,3833;-4,45;"2020-04-06";9116;919;2533
;"Cataluña";41,81;1,47;"2020-04-06";26824;2760;10088
;"Ceuta";35,8866;-5,3;"2020-04-06";83;3;2
;"C. Valenciana";39,5;-0,75;"2020-04-06";7334;637;930
;"Extremadura";39,2;-6,15;"2020-04-06";2068;228;223
;"Galicia";42,75;-7,8833;"2020-04-06";6151;190;610
;"Madrid";40,4188;-3,6919;"2020-04-06";38723;5136;17322
;"Melilla";35,2825;-2,9475;"2020-04-06";86;2;11
;"Murcia";38;-1,83333;"2020-04-06";1259;68;156
;"Navarra";42,8166;-1,65;"2020-04-06";3231;187;380
;"País Vasco";42,9896;-2,6189;"2020-04-06";8810;548;3568
;"La Rioja";42,25;-2,5;"2020-04-06";2719;141;964
;"España";40;-4;"2020-04-06";135032;13055;40437
;"Andalucía";37,46;-4,16;"2020-04-07";8767;528;900
;"Aragón";41;-1;"2020-04-07";3449;312;578
;"Asturias";43,3333;-6;"2020-04-07";1679;96;244
;"Baleares";39,5;3;"2020-04-07";1369;84;537
;"Canarias";28,536;-15,749;"2020-04-07";1725;89;186
;"Cantabria";43,3333;-4;"2020-04-07";1501;85;129
;"Castilla La Mancha";39,5;-3;"2020-04-07";11077;1177;1353
;"Castilla y León";41,3833;-4,45;"2020-04-07";9581;982;2711
;"Cataluña";41,81;1,47;"2020-04-07";28323;2908;10738
;"Ceuta";35,8866;-5,3;"2020-04-07";83;4;2
;"C. Valenciana";39,5;-0,75;"2020-04-07";7443;672;1103
;"Extremadura";39,2;-6,15;"2020-04-07";2116;258;282
;"Galicia";42,75;-7,8833;"2020-04-07";6331;204;688
;"Madrid";40,4188;-3,6919;"2020-04-07";40469;5371;18410
;"Melilla";35,2825;-2,9475;"2020-04-07";92;2;11
;"Murcia";38;-1,83333;"2020-04-07";1283;78;193
;"Navarra";42,8166;-1,65;"2020-04-07";3355;202;421
;"País Vasco";42,9896;-2,6189;"2020-04-07";9021;586;3728
;"La Rioja";42,25;-2,5;"2020-04-07";2846;160;994
;"España";40;-4;"2020-04-07";140510;13798;43208
;"Andalucía";37,46;-4,16;"2020-04-08";8997;605;1041
;"Aragón";41;-1;"2020-04-08";3549;349;659
;"Asturias";43,3333;-6;"2020-04-08";1705;102;294
;"Baleares";39,5;3;"2020-04-08";1412;89;616
;"Canarias";28,536;-15,749;"2020-04-08";1762;91;249
;"Cantabria";43,3333;-4;"2020-04-08";1572;92;175
;"Castilla La Mancha";39,5;-3;"2020-04-08";11788;1255;1557
;"Castilla y León";41,3833;-4,45;"2020-04-08";10058;1028;2988
;"Cataluña";41,81;1,47;"2020-04-08";29647;3041;12250
;"Ceuta";35,8866;-5,3;"2020-04-08";84;4;7
;"C. Valenciana";39,5;-0,75;"2020-04-08";7655;724;1344
;"Extremadura";39,2;-6,15;"2020-04-08";2184;271;328
;"Galicia";42,75;-7,8833;"2020-04-08";6538;213;800
;"Madrid";40,4188;-3,6919;"2020-04-08";42450;5586;19836
;"Melilla";35,2825;-2,9475;"2020-04-08";93;2;12
;"Murcia";38;-1,83333;"2020-04-08";1326;85;203
;"Navarra";42,8166;-1,65;"2020-04-08";3467;206;450
;"País Vasco";42,9896;-2,6189;"2020-04-08";9452;635;4151
;"La Rioja";42,25;-2,5;"2020-04-08";2951;177;1061
;"España";40;-4;"2020-04-08";146690;14555;48021
;"Andalucía";37,46;-4,16;"2020-04-09";9261;652;1193
;"Aragón";41;-1;"2020-04-09";3685;385;718
;"Asturias";43,3333;-6;"2020-04-09";1737;110;340
;"Baleares";39,5;3;"2020-04-09";1448;89;696
;"Canarias";28,536;-15,749;"2020-04-09";1834;92;359
;"Cantabria";43,3333;-4;"2020-04-09";1619;98;214
;"Castilla La Mancha";39,5;-3;"2020-04-09";12489;1322;1766
;"Castilla y León";41,3833;-4,45;"2020-04-09";10518;1082;3242
;"Cataluña";41,81;1,47;"2020-04-09";31043;3148;13063
;"Ceuta";35,8866;-5,3;"2020-04-09";84;4;7
;"C. Valenciana";39,5;-0,75;"2020-04-09";7964;767;1772
;"Extremadura";39,2;-6,15;"2020-04-09";2273;283;381
;"Galicia";42,75;-7,8833;"2020-04-09";6758;231;910
;"Madrid";40,4188;-3,6919;"2020-04-09";43877;5800;21121
;"Melilla";35,2825;-2,9475;"2020-04-09";93;2;16
;"Murcia";38;-1,83333;"2020-04-09";1356;88;219
;"Navarra";42,8166;-1,65;"2020-04-09";3575;214;462
;"País Vasco";42,9896;-2,6189;"2020-04-09";9806;689;4514
;"La Rioja";42,25;-2,5;"2020-04-09";3026;182;1172
;"España";40;-4;"2020-04-09";152446;15238;52165
;"Andalucía";37,46;-4,16;"2020-04-10";9.510;691;1.437
;"Aragón";41;-1;"2020-04-10";3.831;409;797
;"Asturias";43,3333;-6;"2020-04-10";1.799;121;372
;"Baleares";39,5;3;"2020-04-10";1.488;97;737
;"Canarias";28,536;-15,749;"2020-04-10";1.858;94;386
;"Cantabria";43,3333;-4;"2020-04-10";1.659;102;265
;"Castilla La Mancha";39,5;-3;"2020-04-10";13.063;1.431;1.982
;"Castilla y León";41,3833;-4,45;"2020-04-10";11.102;1.129;3.506
;"Cataluña";41,81;1,47;"2020-04-10";31.824;3.231;13.513
;"Ceuta";35,8866;-5,3;"2020-04-10";91;4;12
;"C. Valenciana";39,5;-0,75;"2020-04-10";8.331;796;2.085
;"Extremadura";39,2;-6,15;"2020-04-10";2.332;288;397
;"Galicia";42,75;-7,8833;"2020-04-10";6.946;243;997
;"Madrid";40,4188;-3,6919;"2020-04-10";44.783;5.972;22.414
;"Melilla";35,2825;-2,9475;"2020-04-10";95;2;17
;"Murcia";38;-1,83333;"2020-04-10";1.383;90;255
;"Navarra";42,8166;-1,65;"2020-04-10";3.748;218;560
;"País Vasco";42,9896;-2,6189;"2020-04-10";10.103;729;4.680
;"La Rioja";42,25;-2,5;"2020-04-10";3.076;196;1.256
;"España";40;-4;"2020-04-10";157.022;15.843;55.668
